origin_airport,destination_airport,distance_km,is_less_than_200_km
LLA,PVS,727.0417681953359,False
LLA,MCG,715.4857509344256,False
LLA,TLL,683.6767256776013,False
LLA,VBY,878.3185627120531,False
LLA,AAL,942.6767104488906,False
LLA,MMX,1116.9593871584989,False
LLA,BFS,1215.6142900584173,False
LLA,BLK,1315.5299552490276,False
LLA,MAN,1362.627270930864,False
LLA,IEG,1516.379588717387,False
LLA,LCJ,1539.7055329710429,False
LLA,PAD,1552.508327331939,False
LLA,OST,1601.5820330370088,False
LLA,DRS,1605.7593378696042,False
LLA,YBH,1746.6704213246871,False
LLA,YQN,1750.6349383732081,False
LLA,BTS,1935.1379903187305,False
LLA,FDH,1991.2177615257622,False
LLA,BSL,2000.367311870839,False
LLA,BGY,2213.2974786711125,False
LLA,YSC,2260.5681538480617,False
LLA,PSA,2434.845856475532,False
LLA,BIQ,2460.718073805259,False
LLA,INI,2472.2681866584294,False
LLA,SCQ,2521.5942905375528,False
LLA,VLL,2654.9914048346773,False
LLA,FSC,2676.491584144361,False
LLA,KRW,2844.1246267238416,False
LLA,TPS,3074.98467541968,False
LLA,PDL,3092.8379758227056,False
LLA,RHO,3242.1887611455804,False
LLA,CHQ,3338.56931506624,False
LLA,AGO,3622.1323329599286,False
LLA,BQK,3833.9009028251776,False
LLA,SOK,3971.0718985233802,False
LLA,CLC,4034.564602383017,False
LLA,SPC,4104.219490107586,False
LLA,UDR,4564.023825868995,False
LLA,SNJ,4850.849506047469,False
LLA,BBR,5508.341205729559,False
LLA,AHE,5756.439019215047,False
LLA,HUU,6196.447343918536,False
LLA,JIM,6427.067205051506,False
LLA,AIH,6525.191607443606,False
LLA,KSB,6642.454502329567,False
LLA,TYL,6783.031873494429,False
LLA,NDE,6838.798853311746,False
PVS,LLA,727.0417681953359,False
PVS,MCG,178.2662977823488,True
PVS,TLL,950.5357568241333,False
PVS,VBY,1105.5561453066834,False
PVS,AAL,1184.357724229353,False
PVS,MMX,1323.9586232616891,False
PVS,BFS,1422.6837738426293,False
PVS,BLK,1523.364132373531,False
PVS,MAN,1567.7033790387545,False
PVS,IEG,1654.9324058892532,False
PVS,LCJ,1655.7576481426865,False
PVS,PAD,1701.664981220686,False
PVS,OST,1774.1765876675154,False
PVS,DRS,1743.9067532552792,False
PVS,YBH,1522.3288094856412,False
PVS,YQN,1654.6764554180818,False
PVS,BTS,2028.1971968767386,False
PVS,FDH,2097.4613710435765,False
PVS,BSL,2114.672301992478,False
PVS,BGY,2304.7200128620866,False
PVS,YSC,2205.3085708777053,False
PVS,PSA,2526.985536738138,False
PVS,BIQ,2570.913983021362,False
PVS,INI,2533.8143886131397,False
PVS,SCQ,2601.500667263408,False
PVS,VLL,2743.141999888826,False
PVS,FSC,2746.3376819971077,False
PVS,KRW,2818.585212953732,False
PVS,TPS,3132.731891562787,False
PVS,PDL,3117.9846080040165,False
PVS,RHO,3254.1120481249914,False
PVS,CHQ,3361.7157064050193,False
PVS,AGO,3503.7621656894385,False
PVS,BQK,3740.1513315980515,False
PVS,SOK,3967.8035442674422,False
PVS,CLC,3909.310734017063,False
PVS,SPC,4119.7789741040315,False
PVS,UDR,4478.038474633058,False
PVS,SNJ,4744.776911184954,False
PVS,BBR,5439.813738304853,False
PVS,AHE,5550.238821113914,False
PVS,HUU,6097.484307327269,False
PVS,JIM,6385.80681317183,False
PVS,AIH,6335.540790456545,False
PVS,KSB,6439.503082210718,False
PVS,TYL,6680.140164690625,False
PVS,NDE,6792.378896477176,False
MCG,LLA,715.4857509344256,False
MCG,PVS,178.2662977823488,True
MCG,TLL,807.6606695516355,False
MCG,VBY,949.5554470153346,False
MCG,AAL,1027.6401122468476,False
MCG,MMX,1159.9747511561782,False
MCG,BFS,1257.0548353740057,False
MCG,BLK,1356.445895340522,False
MCG,MAN,1400.0222658198054,False
MCG,IEG,1481.5477192479586,False
MCG,LCJ,1481.1032044936396,False
MCG,PAD,1528.6251699433024,False
MCG,OST,1602.192806174381,False
MCG,DRS,1569.9597521875953,False
MCG,YBH,1352.1457331351965,False
MCG,YQN,1477.5802405655995,False
MCG,BTS,1851.2384006631207,False
MCG,FDH,1920.778304136887,False
MCG,BSL,1938.2342989611213,False
MCG,BGY,2127.244989313923,False
MCG,YSC,2028.1286157452762,False
MCG,PSA,2349.2824806050894,False
MCG,BIQ,2393.5827962498806,False
MCG,INI,2355.6597355891404,False
MCG,SCQ,2423.527931012023,False
MCG,VLL,2565.2069691961256,False
MCG,FSC,2568.1790362417914,False
MCG,KRW,2641.306031549932,False
MCG,TPS,2954.4656520155627,False
MCG,PDL,2939.9104022480224,False
MCG,RHO,3076.2900381330846,False
MCG,CHQ,3183.756298754445,False
MCG,AGO,3331.76827514985,False
MCG,BQK,3566.8796474527244,False
MCG,SOK,3790.7064769449644,False
MCG,CLC,3738.3484046295957,False
MCG,SPC,3942.26547156759,False
MCG,UDR,4305.03300194477,False
MCG,SNJ,4573.321705054325,False
MCG,BBR,5266.465630343329,False
MCG,AHE,5388.560351577831,False
MCG,HUU,5926.526436906168,False
MCG,JIM,6211.450298721351,False
MCG,AIH,6172.765950898557,False
MCG,KSB,6278.253841057604,False
MCG,TYL,6509.8186661714435,False
MCG,NDE,6618.476684251796,False
TLL,LLA,683.6767256776013,False
TLL,PVS,950.5357568241333,False
TLL,MCG,807.6606695516355,False
TLL,VBY,196.28740808003832,True
TLL,AAL,267.4552817812439,False
TLL,MMX,438.8636539384516,False
TLL,BFS,540.3827834997917,False
TLL,BLK,643.1642515374859,False
TLL,MAN,690.6467850726644,False
TLL,IEG,834.5808872389646,False
TLL,LCJ,856.4159774011241,False
TLL,PAD,872.3786846638006,False
TLL,OST,926.2470374197179,False
TLL,DRS,924.7839903313327,False
TLL,YBH,1157.491884529849,False
TLL,YQN,1100.059634680435,False
TLL,BTS,1252.302114148692,False
TLL,FDH,1309.684048260746,False
TLL,BSL,1319.7389161258088,False
TLL,BGY,1531.4884512061317,False
TLL,YSC,1586.3865375875134,False
TLL,PSA,1754.0381550155964,False
TLL,BIQ,1782.2509582912141,False
TLL,INI,1789.2354043959956,False
TLL,SCQ,1839.941593524557,False
TLL,VLL,1974.6228342465056,False
TLL,FSC,1994.4788579533613,False
TLL,KRW,2162.2557788211793,False
TLL,TPS,2392.987183454901,False
TLL,PDL,2409.294047685981,False
TLL,RHO,2558.522956161791,False
TLL,CHQ,2655.139793958937,False
TLL,AGO,2949.2180440159455,False
TLL,BQK,3156.222778243358,False
TLL,SOK,3287.415112986242,False
TLL,CLC,3361.1062331339913,False
TLL,SPC,3421.0761411241424,False
TLL,UDR,3883.7429261850452,False
TLL,SNJ,4172.3030766988595,False
TLL,BBR,4825.69238142246,False
TLL,AHE,5094.318656313255,False
TLL,HUU,5515.4095521603895,False
TLL,JIM,5743.391661158977,False
TLL,AIH,5857.195319357114,False
TLL,KSB,5977.151186975665,False
TLL,TYL,6101.846667807927,False
TLL,NDE,6155.127793434084,False
VBY,LLA,878.3185627120531,False
VBY,PVS,1105.5561453066834,False
VBY,MCG,949.5554470153346,False
VBY,TLL,196.28740808003832,True
VBY,AAL,79.00592361127312,True
VBY,MMX,243.15833388487084,False
VBY,BFS,345.3249238833196,False
VBY,BLK,448.7082777874465,False
VBY,MAN,496.1259086969207,False
VBY,IEG,638.5781146039382,False
VBY,LCJ,661.4454767371591,False
VBY,PAD,676.1069849914071,False
VBY,OST,730.3867902790696,False
VBY,DRS,728.6080403827496,False
VBY,YBH,1032.1583941475835,False
VBY,YQN,937.4188537435243,False
VBY,BTS,1056.8616621535887,False
VBY,FDH,1113.6794129576022,False
VBY,BSL,1123.5616750614397,False
VBY,BGY,1335.5833594514816,False
VBY,YSC,1403.2410200780123,False
VBY,PSA,1557.9217580791706,False
VBY,BIQ,1585.9641582334937,False
VBY,INI,1593.9623833259704,False
VBY,SCQ,1644.0127382276178,False
VBY,VLL,1778.456253831896,False
VBY,FSC,1798.670819064597,False
VBY,KRW,1971.6170117506297,False
VBY,TPS,2197.1911491796664,False
VBY,PDL,2214.659134890415,False
VBY,RHO,2364.3230141862323,False
VBY,CHQ,2460.2938004281505,False
VBY,AGO,2765.050488623463,False
VBY,BQK,2968.723571111292,False
VBY,SOK,3093.117441172001,False
VBY,CLC,3176.318208348687,False
VBY,SPC,3225.9082583384,False
VBY,UDR,3694.031010721096,False
VBY,SNJ,3983.8363099061116,False
VBY,BBR,4633.639343876168,False
VBY,AHE,4914.858979764526,False
VBY,HUU,5324.829694407442,False
VBY,JIM,5549.328545579232,False
VBY,AIH,5674.477978367948,False
VBY,KSB,5795.763052666166,False
VBY,TYL,5911.087761242253,False
VBY,NDE,5961.125992049329,False
AAL,LLA,942.6767104488906,False
AAL,PVS,1184.357724229353,False
AAL,MCG,1027.6401122468476,False
AAL,TLL,267.4552817812439,False
AAL,VBY,79.00592361127312,True
AAL,MMX,174.3141526403956,True
AAL,BFS,273.8917364050758,False
AAL,BLK,376.00189724719905,False
AAL,MAN,423.4765738863634,False
AAL,IEG,574.6778728103753,False
AAL,LCJ,601.0750129142657,False
AAL,PAD,609.8851284089254,False
AAL,OST,660.3523056886503,False
AAL,DRS,663.3576472764377,False
AAL,YBH,1027.8724702023947,False
AAL,YQN,910.2357849694572,False
AAL,BTS,994.1523689787948,False
AAL,FDH,1048.8522850784548,False
AAL,BSL,1057.7248024804596,False
AAL,BGY,1270.9934188034192,False
AAL,YSC,1356.9320841600056,False
AAL,PSA,1492.1885591877192,False
AAL,BIQ,1518.4178021001803,False
AAL,INI,1531.1835606528612,False
AAL,SCQ,1579.1349035205085,False
AAL,VLL,1712.317894069687,False
AAL,FSC,1734.1810806485778,False
AAL,KRW,1916.3204082468308,False
AAL,TPS,2132.6001176300024,False
AAL,PDL,2153.024117676882,False
AAL,RHO,2303.4777016975277,False
AAL,CHQ,2398.129086282119,False
AAL,AGO,2716.2500264315245,False
AAL,BQK,2916.4899785116145,False
AAL,SOK,3031.88130300515,False
AAL,CLC,3126.7249021558396,False
AAL,SPC,3162.843232309802,False
AAL,UDR,3639.1146790463254,False
AAL,SNJ,3930.246194912824,False
AAL,BBR,4575.6307443664455,False
AAL,AHE,4869.4541630670465,False
AAL,HUU,5268.601227864819,False
AAL,JIM,5488.186317646061,False
AAL,AIH,5626.137457610397,False
AAL,KSB,5748.557872251898,False
AAL,TYL,5854.574744397498,False
AAL,NDE,5900.05594814808,False
MMX,LLA,1116.9593871584989,False
MMX,PVS,1323.9586232616891,False
MMX,MCG,1159.9747511561782,False
MMX,TLL,438.8636539384516,False
MMX,VBY,243.15833388487084,False
MMX,AAL,174.3141526403956,True
MMX,BFS,102.71662215512401,True
MMX,BLK,206.51046513081064,False
MMX,MAN,253.68628259477478,False
MMX,IEG,400.7155720406415,False
MMX,LCJ,428.7476478967129,False
MMX,PAD,435.57265599440024,False
MMX,OST,487.38409528074453,False
MMX,DRS,489.07689688826497,False
MMX,YBH,935.5707920751353,False
MMX,YQN,777.9679571907852,False
MMX,BTS,820.2518007458933,False
MMX,FDH,874.5603596061604,False
MMX,BSL,883.4191007784843,False
MMX,BGY,1096.7059020138602,False
MMX,YSC,1194.8412652255515,False
MMX,PSA,1317.8898470546906,False
MMX,BIQ,1344.4164980157907,False
MMX,INI,1357.142583190888,False
MMX,SCQ,1404.8246266907577,False
MMX,VLL,1538.059008075664,False
MMX,FSC,1559.8851374080348,False
MMX,KRW,1745.6208233136038,False
MMX,TPS,1958.2935898085072,False
MMX,PDL,1979.1999334299767,False
MMX,RHO,2129.878596501913,False
MMX,CHQ,2224.150648465186,False
MMX,AGO,2550.2550483731184,False
MMX,BQK,2747.5945045750505,False
MMX,SOK,2858.1076626491326,False
MMX,CLC,2959.882707291053,False
MMX,SPC,2988.6646830145014,False
MMX,UDR,3468.2254808397247,False
MMX,SNJ,3760.178300398468,False
MMX,BBR,4402.983123329936,False
MMX,AHE,4705.948146821002,False
MMX,HUU,5096.805051528102,False
MMX,JIM,5314.365038089073,False
MMX,AIH,5459.866792397989,False
MMX,KSB,5583.256107046498,False
MMX,TYL,5682.596764827779,False
MMX,NDE,5726.246909243022,False
BFS,LLA,1215.6142900584173,False
BFS,PVS,1422.6837738426293,False
BFS,MCG,1257.0548353740057,False
BFS,TLL,540.3827834997917,False
BFS,VBY,345.3249238833196,False
BFS,AAL,273.8917364050758,False
BFS,MMX,102.71662215512401,True
BFS,BLK,103.79992317666778,True
BFS,MAN,150.99135362322033,True
BFS,IEG,308.09781561584987,False
BFS,LCJ,341.61876207963655,False
BFS,PAD,339.07346079408035,False
BFS,OST,386.4779585428519,False
BFS,DRS,393.5114120596046,False
BFS,YBH,923.7837606608202,False
BFS,YQN,736.2000863784408,False
BFS,BTS,726.1983249862233,False
BFS,FDH,778.0752822258951,False
BFS,BSL,785.9158140866293,False
BFS,BGY,1000.1105131546194,False
BFS,YSC,1119.2408253292117,False
BFS,PSA,1220.0638210920904,False
BFS,BIQ,1245.1048923442368,False
BFS,INI,1261.9733410969593,False
BFS,SCQ,1307.6835622847068,False
BFS,VLL,1439.7847565255952,False
BFS,FSC,1462.9848213299288,False
BFS,KRW,1657.5519714266168,False
BFS,TPS,1861.123299932433,False
BFS,PDL,1884.593707344435,False
BFS,RHO,2035.9061442763718,False
BFS,CHQ,2128.9451980668146,False
BFS,AGO,2468.078452728037,False
BFS,BQK,2661.6151713905233,False
BFS,SOK,2763.4824169188046,False
BFS,CLC,2876.470683827924,False
BFS,SPC,2892.465779363796,False
BFS,UDR,3379.171198420979,False
BFS,SNJ,3672.2836861660717,False
BFS,BBR,4310.807244094673,False
BFS,AHE,4625.8683254285415,False
BFS,HUU,5006.084174442519,False
BFS,JIM,5219.39954660115,False
BFS,AIH,5376.544381540454,False
BFS,KSB,5501.028022222153,False
BFS,TYL,5591.522603184367,False
BFS,NDE,5631.300358747433,False
BLK,LLA,1315.5299552490276,False
BLK,PVS,1523.364132373531,False
BLK,MCG,1356.445895340522,False
BLK,TLL,643.1642515374859,False
BLK,VBY,448.7082777874465,False
BLK,AAL,376.00189724719905,False
BLK,MMX,206.51046513081064,False
BLK,BFS,103.79992317666778,True
BLK,MAN,47.48317688467908,True
BLK,IEG,224.7332181208161,False
BLK,LCJ,266.3722083695576,False
BLK,PAD,247.56737063536542,False
BLK,OST,286.28649017781976,False
BLK,DRS,302.6037405809366,False
BLK,YBH,924.9081514584337,False
BLK,YQN,708.2632916012757,False
BLK,BTS,634.6682246752064,False
BLK,FDH,683.0850999425134,False
BLK,BSL,689.5345533030454,False
BLK,BGY,904.4955450315158,False
BLK,YSC,1048.6888043718905,False
BLK,PSA,1122.6431048673703,False
BLK,BIQ,1145.8192766274983,False
BLK,INI,1167.7658145123526,False
BLK,SCQ,1211.030469225323,False
BLK,VLL,1341.663919077001,False
BLK,FSC,1366.5056636173672,False
BLK,KRW,1571.217270775538,False
BLK,TPS,1764.117562589229,False
BLK,PDL,1790.5499694413595,False
BLK,RHO,1942.5100335398413,False
BLK,CHQ,2034.0994598847467,False
BLK,AGO,2387.580092354205,False
BLK,BQK,2576.822195991313,False
BLK,SOK,2669.0894761233785,False
BLK,CLC,2794.371818241578,False
BLK,SPC,2796.286642537513,False
BLK,UDR,3290.7414554244224,False
BLK,SNJ,3585.032209996455,False
BLK,BBR,4218.808276048382,False
BLK,AHE,4546.7268153520845,False
BLK,HUU,4915.556025115482,False
BLK,JIM,5124.295641281616,False
BLK,AIH,5293.819231414238,False
BLK,KSB,5419.435891156593,False
BLK,TYL,5500.551482579518,False
BLK,NDE,5536.186477415969,False
MAN,LLA,1362.627270930864,False
MAN,PVS,1567.7033790387545,False
MAN,MCG,1400.0222658198054,False
MAN,TLL,690.6467850726644,False
MAN,VBY,496.1259086969207,False
MAN,AAL,423.4765738863634,False
MAN,MMX,253.68628259477478,False
MAN,BFS,150.99135362322033,True
MAN,BLK,47.48317688467908,True
MAN,IEG,188.49970060685212,True
MAN,LCJ,233.9563247459082,False
MAN,PAD,205.82539117521623,False
MAN,OST,239.66518116252416,False
MAN,DRS,260.5997893571893,False
MAN,YBH,922.9249338563799,False
MAN,YQN,694.0183227377814,False
MAN,BTS,591.1117095635769,False
MAN,FDH,638.0388181311646,False
MAN,BSL,643.9424279844509,False
MAN,BGY,859.0666023123175,False
MAN,YSC,1013.631573756379,False
MAN,PSA,1076.5097778153954,False
MAN,BIQ,1099.0915311215665,False
MAN,INI,1122.752927387929,False
MAN,SCQ,1165.1375997119826,False
MAN,VLL,1295.2679831160544,False
MAN,FSC,1320.6426157449525,False
MAN,KRW,1529.0843085078477,False
MAN,TPS,1718.0316008976965,False
MAN,PDL,1745.462844401782,False
MAN,RHO,1897.6312197344187,False
MAN,CHQ,1988.7058078762138,False
MAN,AGO,2347.53944236972,False
MAN,BQK,2535.060575040716,False
MAN,SOK,2623.800937750711,False
MAN,CLC,2753.6264687010507,False
MAN,SPC,2750.4021850090794,False
MAN,UDR,3247.530872708323,False
MAN,SNJ,3542.23710501526,False
MAN,BBR,4174.270762812243,False
MAN,AHE,4506.96381761542,False
MAN,HUU,4871.5109655083725,False
MAN,JIM,5078.69472744837,False
MAN,AIH,5252.632218527622,False
MAN,KSB,5378.675300413284,False
MAN,TYL,5456.334679986184,False
MAN,NDE,5490.5756884771645,False
IEG,LLA,1516.379588717387,False
IEG,PVS,1654.9324058892532,False
IEG,MCG,1481.5477192479586,False
IEG,TLL,834.5808872389646,False
IEG,VBY,638.5781146039382,False
IEG,AAL,574.6778728103753,False
IEG,MMX,400.7155720406415,False
IEG,BFS,308.09781561584987,False
IEG,BLK,224.7332181208161,False
IEG,MAN,188.49970060685212,True
IEG,LCJ,51.03343104897186,True
IEG,PAD,48.64312711131859,True
IEG,OST,130.33640734062587,True
IEG,DRS,91.45256283659721,True
IEG,YBH,798.9761344936396,False
IEG,YQN,538.3486368690913,False
IEG,BTS,419.53625896293823,False
IEG,FDH,475.10980428248627,False
IEG,BSL,485.4528285212109,False
IEG,BGY,697.0218634827462,False
IEG,YSC,825.2031805574926,False
IEG,PSA,919.5043952881949,False
IEG,BIQ,949.2236001800582,False
IEG,INI,956.5057300760207,False
IEG,SCQ,1005.4374172415446,False
IEG,VLL,1140.1774304580392,False
IEG,FSC,1160.1628369238788,False
IEG,KRW,1349.7785057668323,False
IEG,TPS,1558.6790759446574,False
IEG,PDL,1578.4853766988567,False
IEG,RHO,1729.2423877457936,False
IEG,CHQ,1823.4685255739164,False
IEG,AGO,2163.4354407136507,False
IEG,BQK,2354.4714906931954,False
IEG,SOK,2457.3975645267496,False
IEG,CLC,2570.7642126355195,False
IEG,SPC,2588.2394876999706,False
IEG,UDR,3071.1062038171654,False
IEG,SNJ,3364.3990588037,False
IEG,BBR,4003.171698998926,False
IEG,AHE,4322.354604852747,False
IEG,HUU,4698.069198909423,False
IEG,JIM,4913.649466356534,False
IEG,AIH,5070.548546949579,False
IEG,KSB,5195.737491083879,False
IEG,TYL,5283.575927104607,False
IEG,NDE,5325.531494655428,False
LCJ,LLA,1539.7055329710429,False
LCJ,PVS,1655.7576481426865,False
LCJ,MCG,1481.1032044936396,False
LCJ,TLL,856.4159774011241,False
LCJ,VBY,661.4454767371591,False
LCJ,AAL,601.0750129142657,False
LCJ,MMX,428.7476478967129,False
LCJ,BFS,341.61876207963655,False
LCJ,BLK,266.3722083695576,False
LCJ,MAN,233.9563247459082,False
LCJ,IEG,51.03343104897186,True
LCJ,PAD,79.76162420295482,True
LCJ,OST,158.53595781001323,True
LCJ,DRS,93.50760225020113,True
LCJ,YBH,752.411764006955,False
LCJ,YQN,488.0467616524331,False
LCJ,BTS,396.2483774256527,False
LCJ,FDH,456.60994943297453,False
LCJ,BSL,469.3588832014095,False
LCJ,BGY,676.888550839727,False
LCJ,YSC,782.4477731153682,False
LCJ,PSA,900.8405500858905,False
LCJ,BIQ,933.8552368291325,False
LCJ,INI,932.8462171316894,False
LCJ,SCQ,985.0999534422579,False
LCJ,VLL,1121.7004052714674,False
LCJ,FSC,1138.9887150338334,False
LCJ,KRW,1317.2095300218891,False
LCJ,TPS,1537.3254930033931,False
LCJ,PDL,1553.2188602748154,False
LCJ,RHO,1703.053705815657,False
LCJ,CHQ,1798.8651405257465,False
LCJ,AGO,2126.5547564539006,False
LCJ,BQK,2320.380620591937,False
LCJ,SOK,2431.7612172675726,False
LCJ,CLC,2534.85196479879,False
LCJ,SPC,2564.662803411268,False
LCJ,UDR,3039.6152097140784,False
LCJ,SNJ,3331.946440038209,False
LCJ,BBR,3974.5812381229844,False
LCJ,AHE,4284.689442535347,False
LCJ,HUU,4668.067739339092,False
LCJ,JIM,4888.039203498555,False
LCJ,AIH,5034.929153640974,False
LCJ,KSB,5159.441901693753,False
LCJ,TYL,5253.890032330881,False
LCJ,NDE,5299.863584095742,False
PAD,LLA,1552.508327331939,False
PAD,PVS,1701.664981220686,False
PAD,MCG,1528.6251699433024,False
PAD,TLL,872.3786846638006,False
PAD,VBY,676.1069849914071,False
PAD,AAL,609.8851284089254,False
PAD,MMX,435.57265599440024,False
PAD,BFS,339.07346079408035,False
PAD,BLK,247.56737063536542,False
PAD,MAN,205.82539117521623,False
PAD,IEG,48.64312711131859,True
PAD,LCJ,79.76162420295482,True
PAD,OST,82.51076664317627,True
PAD,DRS,55.038625364640254,True
PAD,YBH,830.8714008085664,False
PAD,YQN,561.0211059611248,False
PAD,BTS,387.70451998183,False
PAD,FDH,439.20996175467485,False
PAD,BSL,447.85975048618735,False
PAD,BGY,661.3404660507299,False
PAD,YSC,813.2640529975383,False
PAD,PSA,882.3431593007795,False
PAD,BIQ,909.9375090184587,False
PAD,INI,922.9010301496122,False
PAD,SCQ,969.2991537297856,False
PAD,VLL,1102.6240397668887,False
PAD,FSC,1124.4377323303704,False
PAD,KRW,1323.7299729518393,False
PAD,TPS,1522.7830175347601,False
PAD,PDL,1545.5493033817852,False
PAD,RHO,1696.9800354859426,False
PAD,CHQ,1789.8765957604965,False
PAD,AGO,2141.775289510274,False
PAD,BQK,2329.504149523105,False
PAD,SOK,2424.421071854027,False
PAD,CLC,2547.8049654134625,False
PAD,SPC,2553.6183077377095,False
PAD,UDR,3043.2525461256614,False
PAD,SNJ,3337.4664490173404,False
PAD,BBR,3972.456351485369,False
PAD,AHE,4301.243544068398,False
PAD,HUU,4668.577696388788,False
PAD,JIM,4880.329718057553,False
PAD,AIH,5046.8827357420605,False
PAD,KSB,5172.858473574797,False
PAD,TYL,5253.745550919021,False
PAD,NDE,5292.230290510931,False
OST,LLA,1601.5820330370088,False
OST,PVS,1774.1765876675154,False
OST,MCG,1602.192806174381,False
OST,TLL,926.2470374197179,False
OST,VBY,730.3867902790696,False
OST,AAL,660.3523056886503,False
OST,MMX,487.38409528074453,False
OST,BFS,386.4779585428519,False
OST,BLK,286.28649017781976,False
OST,MAN,239.66518116252416,False
OST,IEG,130.33640734062587,True
OST,LCJ,158.53595781001323,True
OST,PAD,82.51076664317627,True
OST,DRS,81.66557090146583,True
OST,YBH,900.0753897904749,False
OST,YQN,620.4647732290952,False
OST,BTS,360.71823945671247,False
OST,FDH,401.33122305495976,False
OST,BSL,405.635137778988,False
OST,BGY,620.8753815022073,False
OST,YSC,818.4048188748025,False
OST,PSA,837.0369258863158,False
OST,BIQ,859.5328405496601,False
OST,INI,885.3377315786206,False
OST,SCQ,925.9424320670387,False
OST,VLL,1055.615907634449,False
OST,FSC,1081.464339894605,False
OST,KRW,1300.2143782529472,False
OST,TPS,1478.5631108661166,False
OST,PDL,1507.6062495660237,False
OST,RHO,1660.1971821060285,False
OST,CHQ,1750.197348587189,False
OST,AGO,2125.2010523699387,False
OST,BQK,2306.4734745319547,False
OST,SOK,2385.420369549864,False
OST,CLC,2528.401340904551,False
OST,SPC,2511.1110732966426,False
OST,UDR,3014.1380218433765,False
OST,SNJ,3309.99764129698,False
OST,BBR,3937.3238205576654,False
OST,AHE,4284.413800969516,False
OST,HUU,4635.680677277656,False
OST,JIM,4839.724703472787,False
OST,AIH,5025.0855628857025,False
OST,KSB,5152.506224336734,False
OST,TYL,5220.054965387669,False
OST,NDE,5251.586401629367,False
DRS,LLA,1605.7593378696042,False
DRS,PVS,1743.9067532552792,False
DRS,MCG,1569.9597521875953,False
DRS,TLL,924.7839903313327,False
DRS,VBY,728.6080403827496,False
DRS,AAL,663.3576472764377,False
DRS,MMX,489.07689688826497,False
DRS,BFS,393.5114120596046,False
DRS,BLK,302.6037405809366,False
DRS,MAN,260.5997893571893,False
DRS,IEG,91.45256283659721,True
DRS,LCJ,93.50760225020113,True
DRS,PAD,55.038625364640254,True
DRS,OST,81.66557090146583,True
DRS,YBH,819.2034879232172,False
DRS,YQN,538.8585867712522,False
DRS,BTS,332.86766632098414,False
DRS,FDH,385.499075555113,False
DRS,BSL,394.95649320869853,False
DRS,BGY,607.6359903385536,False
DRS,YSC,762.1729974133334,False
DRS,PSA,829.3405759622424,False
DRS,BIQ,858.1880340170056,False
DRS,INI,868.5756075854191,False
DRS,SCQ,915.8400131977829,False
DRS,VLL,1049.8488560911592,False
DRS,FSC,1070.8285186889336,False
DRS,KRW,1268.7320882389324,False
DRS,TPS,1469.2717235672983,False
DRS,PDL,1491.108648722494,False
DRS,RHO,1642.4002678514169,False
DRS,CHQ,1735.6102775644808,False
DRS,AGO,2087.2564055785515,False
DRS,BQK,2274.5573067529913,False
DRS,SOK,2370.0172636633997,False
DRS,CLC,2493.069684171725,False
DRS,SPC,2499.678287656833,False
DRS,UDR,2988.2211667728116,False
DRS,SNJ,3282.428926822949,False
DRS,BBR,3917.6519807649975,False
DRS,AHE,4246.772262673319,False
DRS,HUU,4613.640559340244,False
DRS,JIM,4826.03743719,False
DRS,AIH,4992.034071978201,False
DRS,KSB,5118.103080811078,False
DRS,TYL,5198.842100649695,False
DRS,NDE,5237.935617147917,False
YBH,LLA,1746.6704213246871,False
YBH,PVS,1522.3288094856412,False
YBH,MCG,1352.1457331351965,False
YBH,TLL,1157.491884529849,False
YBH,VBY,1032.1583941475835,False
YBH,AAL,1027.8724702023947,False
YBH,MMX,935.5707920751353,False
YBH,BFS,923.7837606608202,False
YBH,BLK,924.9081514584337,False
YBH,MAN,922.9249338563799,False
YBH,IEG,798.9761344936396,False
YBH,LCJ,752.411764006955,False
YBH,PAD,830.8714008085664,False
YBH,OST,900.0753897904749,False
YBH,DRS,819.2034879232172,False
YBH,YQN,306.5270646446248,False
YBH,BTS,856.1648153893867,False
YBH,FDH,923.5946371853765,False
YBH,BSL,949.6125087341638,False
YBH,BGY,1042.7234424901937,False
YBH,YSC,755.2228768686057,False
YBH,PSA,1221.2734763149635,False
YBH,BIQ,1285.0411725224844,False
YBH,INI,1183.2580081456815,False
YBH,SCQ,1266.617108109151,False
YBH,VLL,1401.041313946129,False
YBH,FSC,1380.0138774003362,False
YBH,KRW,1348.3125672189385,False
YBH,TPS,1720.663508386414,False
YBH,PDL,1675.339810250136,False
YBH,RHO,1794.3921538506775,False
YBH,CHQ,1906.8503577435222,False
YBH,AGO,1982.2189865812152,False
YBH,BQK,2221.1826894534333,False
YBH,SOK,2480.037331960165,False
YBH,CLC,2386.993567048285,False
YBH,SPC,2640.3098062546414,False
YBH,UDR,2957.9301278435114,False
YBH,SNJ,3222.5890910283965,False
YBH,BBR,3920.1591792995982,False
YBH,AHE,4048.388193811721,False
YBH,HUU,4575.155524530519,False
YBH,JIM,4868.885161583427,False
YBH,AIH,4829.123884507252,False
YBH,KSB,4938.269563973134,False
YBH,TYL,5157.954416710044,False
YBH,NDE,5273.7982424250295,False
YQN,LLA,1750.6349383732081,False
YQN,PVS,1654.6764554180818,False
YQN,MCG,1477.5802405655995,False
YQN,TLL,1100.059634680435,False
YQN,VBY,937.4188537435243,False
YQN,AAL,910.2357849694572,False
YQN,MMX,777.9679571907852,False
YQN,BFS,736.2000863784408,False
YQN,BLK,708.2632916012757,False
YQN,MAN,694.0183227377814,False
YQN,IEG,538.3486368690913,False
YQN,LCJ,488.0467616524331,False
YQN,PAD,561.0211059611248,False
YQN,OST,620.4647732290952,False
YQN,DRS,538.8585867712522,False
YQN,YBH,306.5270646446248,False
YQN,BTS,550.666167877213,False
YQN,FDH,619.2705982796531,False
YQN,BSL,645.0853813590293,False
YQN,BGY,754.1042563087537,False
YQN,YSC,550.649947123475,False
YQN,PSA,948.2585827182139,False
YQN,BIQ,1007.8495327789892,False
YQN,INI,924.7450926820694,False
YQN,SCQ,1003.9510737217346,False
YQN,VLL,1143.3286363891086,False
YQN,FSC,1131.369506895244,False
YQN,KRW,1163.98560276818,False
YQN,TPS,1497.3819862893495,False
YQN,PDL,1470.0489349481531,False
YQN,RHO,1601.9595844472062,False
YQN,CHQ,1711.1098549111061,False
YQN,AGO,1883.0262315735586,False
YQN,BQK,2106.950389836798,False
YQN,SOK,2313.1475004136682,False
YQN,CLC,2294.9219275584655,False
YQN,SPC,2465.5366598190826,False
YQN,UDR,2844.447785443715,False
YQN,SNJ,3122.128105207428,False
YQN,BBR,3802.0564942517804,False
YQN,AHE,4005.846959761259,False
YQN,HUU,4474.914467401778,False
YQN,JIM,4741.207434628665,False
YQN,AIH,4776.250237155579,False
YQN,KSB,4892.341872403854,False
YQN,TYL,5060.8936450071305,False
YQN,NDE,5150.02718593445,False
BTS,LLA,1935.1379903187305,False
BTS,PVS,2028.1971968767386,False
BTS,MCG,1851.2384006631207,False
BTS,TLL,1252.302114148692,False
BTS,VBY,1056.8616621535887,False
BTS,AAL,994.1523689787948,False
BTS,MMX,820.2518007458933,False
BTS,BFS,726.1983249862233,False
BTS,BLK,634.6682246752064,False
BTS,MAN,591.1117095635769,False
BTS,IEG,419.53625896293823,False
BTS,LCJ,396.2483774256527,False
BTS,PAD,387.70451998183,False
BTS,OST,360.71823945671247,False
BTS,DRS,332.86766632098414,False
BTS,YBH,856.1648153893867,False
BTS,YQN,550.666167877213,False
BTS,FDH,73.3220554347422,True
BTS,BSL,96.88870776524647,True
BTS,BGY,281.65367664127575,False
BTS,YSC,493.04440038378675,False
BTS,PSA,506.27149032715886,False
BTS,BIQ,544.0265010233389,False
BTS,INI,537.1669804662259,False
BTS,SCQ,589.1685233544996,False
BTS,VLL,726.8553390812444,False
BTS,FSC,742.7685702939591,False
BTS,KRW,939.7532942811984,False
BTS,TPS,1141.0771684426657,False
BTS,PDL,1158.9517734791045,False
BTS,RHO,1309.8463463654566,False
BTS,CHQ,1403.982963666454,False
BTS,AGO,1764.8819799673959,False
BTS,BQK,1946.0867583805523,False
BTS,SOK,2037.87081346554,False
BTS,CLC,2167.687493861832,False
BTS,SPC,2169.1039693141956,False
BTS,UDR,2656.42811636141,False
BTS,SNJ,2951.35195877859,False
BTS,BBR,3584.784344205974,False
BTS,AHE,3923.8650284036357,False
BTS,HUU,4280.947636340466,False
BTS,JIM,4494.1132841092785,False
BTS,AIH,4664.590632873249,False
BTS,KSB,4791.8384894962255,False
BTS,TYL,4866.059740925256,False
BTS,NDE,4905.995707822298,False
FDH,LLA,1991.2177615257622,False
FDH,PVS,2097.4613710435765,False
FDH,MCG,1920.778304136887,False
FDH,TLL,1309.684048260746,False
FDH,VBY,1113.6794129576022,False
FDH,AAL,1048.8522850784548,False
FDH,MMX,874.5603596061604,False
FDH,BFS,778.0752822258951,False
FDH,BLK,683.0850999425134,False
FDH,MAN,638.0388181311646,False
FDH,IEG,475.10980428248627,False
FDH,LCJ,456.60994943297453,False
FDH,PAD,439.20996175467485,False
FDH,OST,401.33122305495976,False
FDH,DRS,385.499075555113,False
FDH,YBH,923.5946371853765,False
FDH,YQN,619.2705982796531,False
FDH,BTS,73.3220554347422,True
FDH,BSL,26.286049553189798,True
FDH,BGY,222.1493154621012,False
FDH,YSC,504.2035034396332,False
FDH,PSA,444.6156002206544,False
FDH,BIQ,477.9333477711515,False
FDH,INI,484.7195254729877,False
FDH,SCQ,530.3886521661369,False
FDH,VLL,665.4381380242593,False
FDH,FSC,685.3297795850381,False
FDH,KRW,903.6401431741799,False
FDH,TPS,1083.7797950301601,False
FDH,PDL,1107.4751209708818,False
FDH,RHO,1259.597856704047,False
FDH,CHQ,1351.1475899845516,False
FDH,AGO,1734.0005586666555,False
FDH,BQK,1908.6759038008056,False
FDH,SOK,1986.0328372214472,False
FDH,CLC,2133.5090998495793,False
FDH,SPC,2114.4247212933187,False
FDH,UDR,2613.1531916598287,False
FDH,SNJ,2909.4511913173847,False
FDH,BBR,3536.4178523737332,False
FDH,AHE,3890.9495312453596,False
FDH,HUU,4234.403083264447,False
FDH,JIM,4441.5349453276895,False
FDH,AIH,4627.181613883548,False
FDH,KSB,4755.626565871791,False
FDH,TYL,4818.884056417739,False
FDH,NDE,4853.435086058662,False
BSL,LLA,2000.367311870839,False
BSL,PVS,2114.672301992478,False
BSL,MCG,1938.2342989611213,False
BSL,TLL,1319.7389161258088,False
BSL,VBY,1123.5616750614397,False
BSL,AAL,1057.7248024804596,False
BSL,MMX,883.4191007784843,False
BSL,BFS,785.9158140866293,False
BSL,BLK,689.5345533030454,False
BSL,MAN,643.9424279844509,False
BSL,IEG,485.4528285212109,False
BSL,LCJ,469.3588832014095,False
BSL,PAD,447.85975048618735,False
BSL,OST,405.635137778988,False
BSL,DRS,394.95649320869853,False
BSL,YBH,949.6125087341638,False
BSL,YQN,645.0853813590293,False
BSL,BTS,96.88870776524647,True
BSL,FDH,26.286049553189798,True
BSL,BGY,215.24829840209793,False
BSL,YSC,522.6185025073426,False
BSL,PSA,434.48592325902763,False
BSL,BIQ,464.54693916714217,False
BSL,INI,479.8543290265715,False
BSL,SCQ,521.7799390112011,False
BSL,VLL,654.8951943977786,False
BSL,FSC,677.1460208134451,False
BSL,KRW,905.3990576492401,False
BSL,TPS,1075.208333747314,False
BSL,PDL,1101.9723494128862,False
BSL,RHO,1254.5978116599117,False
BSL,CHQ,1344.7925820608875,False
BSL,AGO,1737.252311804935,False
BSL,BQK,1909.2012712138724,False
BSL,SOK,1979.9471152640103,False
BSL,CLC,2135.3050435452883,False
BSL,SPC,2106.856762197616,False
BSL,UDR,2610.9705764727196,False
BSL,SNJ,2907.830268095807,False
BSL,BBR,3531.7815522084097,False
BSL,AHE,3892.9854404311413,False
BSL,HUU,4230.561577143914,False
BSL,JIM,4434.786329342738,False
BSL,AIH,4627.320330193949,False
BSL,KSB,4756.2547842335325,False
BSL,TYL,4814.714177094351,False
BSL,NDE,4846.673125159247,False
BGY,LLA,2213.2974786711125,False
BGY,PVS,2304.7200128620866,False
BGY,MCG,2127.244989313923,False
BGY,TLL,1531.4884512061317,False
BGY,VBY,1335.5833594514816,False
BGY,AAL,1270.9934188034192,False
BGY,MMX,1096.7059020138602,False
BGY,BFS,1000.1105131546194,False
BGY,BLK,904.4955450315158,False
BGY,MAN,859.0666023123175,False
BGY,IEG,697.0218634827462,False
BGY,LCJ,676.888550839727,False
BGY,PAD,661.3404660507299,False
BGY,OST,620.8753815022073,False
BGY,DRS,607.6359903385536,False
BGY,YBH,1042.7234424901937,False
BGY,YQN,754.1042563087537,False
BGY,BTS,281.65367664127575,False
BGY,FDH,222.1493154621012,False
BGY,BSL,215.24829840209793,False
BGY,YSC,445.08487659855786,False
BGY,PSA,224.66283425994047,False
BGY,BIQ,266.93255194451734,False
BGY,INI,265.0516169618656,False
BGY,SCQ,308.458918493006,False
BGY,VLL,445.2111195539543,False
BGY,FSC,463.20259374016933,False
BGY,KRW,701.7095473512678,False
BGY,TPS,861.6881566915002,False
BGY,PDL,886.7322040272645,False
BGY,RHO,1039.4367529678098,False
BGY,CHQ,1129.64211813565,False
BGY,AGO,1535.8441551763594,False
BGY,BQK,1700.5214001104503,False
BGY,SOK,1764.7479615829998,False
BGY,CLC,1929.4191224066867,False
BGY,SPC,1892.3552662105533,False
BGY,UDR,2397.655302767554,False
BGY,SNJ,2695.166265934829,False
BGY,BBR,3316.658447956638,False
BGY,AHE,3687.0227033084598,False
BGY,HUU,4015.761492823468,False
BGY,JIM,4219.819315354396,False
BGY,AIH,4417.213070287606,False
BGY,KSB,4547.05878716611,False
BGY,TYL,4599.74541972803,False
BGY,NDE,4631.713874007155,False
YSC,LLA,2260.5681538480617,False
YSC,PVS,2205.3085708777053,False
YSC,MCG,2028.1286157452762,False
YSC,TLL,1586.3865375875134,False
YSC,VBY,1403.2410200780123,False
YSC,AAL,1356.9320841600056,False
YSC,MMX,1194.8412652255515,False
YSC,BFS,1119.2408253292117,False
YSC,BLK,1048.6888043718905,False
YSC,MAN,1013.631573756379,False
YSC,IEG,825.2031805574926,False
YSC,LCJ,782.4477731153682,False
YSC,PAD,813.2640529975383,False
YSC,OST,818.4048188748025,False
YSC,DRS,762.1729974133334,False
YSC,YBH,755.2228768686057,False
YSC,YQN,550.649947123475,False
YSC,BTS,493.04440038378675,False
YSC,FDH,504.2035034396332,False
YSC,BSL,522.6185025073426,False
YSC,BGY,445.08487659855786,False
YSC,PSA,530.1774267366859,False
YSC,BIQ,600.5636094355688,False
YSC,INI,461.2735430839179,False
YSC,SCQ,547.345345645765,False
YSC,VLL,667.8031554947795,False
YSC,FSC,636.4739474415088,False
YSC,KRW,613.352085634652,False
YSC,TPS,965.6142372969213,False
YSC,PDL,925.7770320262126,False
YSC,RHO,1053.2693531507252,False
YSC,CHQ,1163.5719656862693,False
YSC,AGO,1362.8478035181245,False
YSC,BQK,1574.2464166750901,False
YSC,SOK,1762.58521420765,False
YSC,CLC,1774.8807923348822,False
YSC,SPC,1915.0248872126833,False
YSC,UDR,2308.0363602534803,False
YSC,SNJ,2591.503975261386,False
YSC,BBR,3261.1803012253285,False
YSC,AHE,3512.5342635093566,False
YSC,HUU,3940.821937460857,False
YSC,JIM,4195.9498789262625,False
YSC,AIH,4271.394895931297,False
YSC,KSB,4392.5409260849765,False
YSC,TYL,4527.415916832373,False
YSC,NDE,4605.641321215848,False
PSA,LLA,2434.845856475532,False
PSA,PVS,2526.985536738138,False
PSA,MCG,2349.2824806050894,False
PSA,TLL,1754.0381550155964,False
PSA,VBY,1557.9217580791706,False
PSA,AAL,1492.1885591877192,False
PSA,MMX,1317.8898470546906,False
PSA,BFS,1220.0638210920904,False
PSA,BLK,1122.6431048673703,False
PSA,MAN,1076.5097778153954,False
PSA,IEG,919.5043952881949,False
PSA,LCJ,900.8405500858905,False
PSA,PAD,882.3431593007795,False
PSA,OST,837.0369258863158,False
PSA,DRS,829.3405759622424,False
PSA,YBH,1221.2734763149635,False
PSA,YQN,948.2585827182139,False
PSA,BTS,506.27149032715886,False
PSA,FDH,444.6156002206544,False
PSA,BSL,434.48592325902763,False
PSA,BGY,224.66283425994047,False
PSA,YSC,530.1774267366859,False
PSA,BIQ,70.54907892308671,True
PSA,INI,105.24423760128481,True
PSA,SCQ,91.5323662352485,True
PSA,VLL,220.86325702120809,False
PSA,FSC,245.57206152206547,False
PSA,KRW,547.3460675574165,False
PSA,TPS,641.5292401278629,False
PSA,PDL,677.5324309278436,False
PSA,RHO,831.5254840366249,False
PSA,CHQ,915.9340131696262,False
PSA,AGO,1371.270080281469,False
PSA,BQK,1517.0423993480786,False
PSA,SOK,1550.8976423593663,False
PSA,CLC,1752.127174619383,False
PSA,SPC,1674.1773866144533,False
PSA,UDR,2197.8696227007226,False
PSA,SNJ,2497.3865537431834,False
PSA,BBR,3106.4457389996355,False
PSA,AHE,3505.8665325023358,False
PSA,HUU,3807.952617342413,False
PSA,JIM,4003.196506472094,False
PSA,AIH,4225.569731088103,False
PSA,KSB,4357.6469066611935,False
PSA,TYL,4390.597903654276,False
PSA,NDE,4415.010169851648,False
BIQ,LLA,2460.718073805259,False
BIQ,PVS,2570.913983021362,False
BIQ,MCG,2393.5827962498806,False
BIQ,TLL,1782.2509582912141,False
BIQ,VBY,1585.9641582334937,False
BIQ,AAL,1518.4178021001803,False
BIQ,MMX,1344.4164980157907,False
BIQ,BFS,1245.1048923442368,False
BIQ,BLK,1145.8192766274983,False
BIQ,MAN,1099.0915311215665,False
BIQ,IEG,949.2236001800582,False
BIQ,LCJ,933.8552368291325,False
BIQ,PAD,909.9375090184587,False
BIQ,OST,859.5328405496601,False
BIQ,DRS,858.1880340170056,False
BIQ,YBH,1285.0411725224844,False
BIQ,YQN,1007.8495327789892,False
BIQ,BTS,544.0265010233389,False
BIQ,FDH,477.9333477711515,False
BIQ,BSL,464.54693916714217,False
BIQ,BGY,266.93255194451734,False
BIQ,YSC,600.5636094355688,False
BIQ,PSA,70.54907892308671,True
BIQ,INI,165.3563691785762,True
BIQ,SCQ,113.74340465998316,True
BIQ,VLL,200.73068325756878,False
BIQ,FSC,243.38442273264621,False
BIQ,KRW,580.3775054926581,False
BIQ,TPS,625.0673710851013,False
BIQ,PDL,674.6622748111723,False
BIQ,RHO,828.485571847434,False
BIQ,CHQ,906.4535545902977,False
BIQ,AGO,1392.4008558433634,False
BIQ,BQK,1528.0298291086542,False
BIQ,SOK,1539.1442624067433,False
BIQ,CLC,1765.8696403106555,False
BIQ,SPC,1657.0012233592274,False
BIQ,UDR,2197.194080156249,False
BIQ,SNJ,2497.7720336731663,False
BIQ,BBR,3096.6374444218327,False
BIQ,AHE,3515.470742930459,False
BIQ,HUU,3799.900879469588,False
BIQ,JIM,3986.4355695946474,False
BIQ,AIH,4228.7968857417345,False
BIQ,KSB,4362.163349758035,False
BIQ,TYL,4381.188096237719,False
BIQ,NDE,4398.036316561638,False
INI,LLA,2472.2681866584294,False
INI,PVS,2533.8143886131397,False
INI,MCG,2355.6597355891404,False
INI,TLL,1789.2354043959956,False
INI,VBY,1593.9623833259704,False
INI,AAL,1531.1835606528612,False
INI,MMX,1357.142583190888,False
INI,BFS,1261.9733410969593,False
INI,BLK,1167.7658145123526,False
INI,MAN,1122.752927387929,False
INI,IEG,956.5057300760207,False
INI,LCJ,932.8462171316894,False
INI,PAD,922.9010301496122,False
INI,OST,885.3377315786206,False
INI,DRS,868.5756075854191,False
INI,YBH,1183.2580081456815,False
INI,YQN,924.7450926820694,False
INI,BTS,537.1669804662259,False
INI,FDH,484.7195254729877,False
INI,BSL,479.8543290265715,False
INI,BGY,265.0516169618656,False
INI,YSC,461.2735430839179,False
INI,PSA,105.24423760128481,True
INI,BIQ,165.3563691785762,True
INI,SCQ,86.12609878130502,True
INI,VLL,218.82498631439506,False
INI,FSC,212.52736957480053,False
INI,KRW,453.9316526171301,False
INI,TPS,606.4629572930406,False
INI,PDL,622.7949679227772,False
INI,RHO,774.9285768718274,False
INI,CHQ,867.0494247026063,False
INI,AGO,1284.7325203578182,False
INI,BQK,1440.2807436260614,False
INI,SOK,1501.5459660438087,False
INI,CLC,1672.0456256295583,False
INI,SPC,1631.9526629763645,False
INI,UDR,2133.021321792598,False
INI,SNJ,2430.918083041221,False
INI,BBR,3051.9861203264127,False
INI,AHE,3428.521077945929,False
INI,HUU,3750.7695133067987,False
INI,JIM,3957.4619668124037,False
INI,AIH,4154.7663723034975,False
INI,KSB,4285.372023534748,False
INI,TYL,4334.861127185381,False
INI,NDE,4369.360392878072,False
SCQ,LLA,2521.5942905375528,False
SCQ,PVS,2601.500667263408,False
SCQ,MCG,2423.527931012023,False
SCQ,TLL,1839.941593524557,False
SCQ,VBY,1644.0127382276178,False
SCQ,AAL,1579.1349035205085,False
SCQ,MMX,1404.8246266907577,False
SCQ,BFS,1307.6835622847068,False
SCQ,BLK,1211.030469225323,False
SCQ,MAN,1165.1375997119826,False
SCQ,IEG,1005.4374172415446,False
SCQ,LCJ,985.0999534422579,False
SCQ,PAD,969.2991537297856,False
SCQ,OST,925.9424320670387,False
SCQ,DRS,915.8400131977829,False
SCQ,YBH,1266.617108109151,False
SCQ,YQN,1003.9510737217346,False
SCQ,BTS,589.1685233544996,False
SCQ,FDH,530.3886521661369,False
SCQ,BSL,521.7799390112011,False
SCQ,BGY,308.458918493006,False
SCQ,YSC,547.345345645765,False
SCQ,PSA,91.5323662352485,True
SCQ,BIQ,113.74340465998316,True
SCQ,INI,86.12609878130502,True
SCQ,VLL,141.94479522569966,True
SCQ,FSC,155.52200669616195,True
SCQ,KRW,467.2662712463568,False
SCQ,TPS,553.4864656458154,False
SCQ,PDL,586.1920900999756,False
SCQ,RHO,740.1372674354742,False
SCQ,CHQ,825.4020348207895,False
SCQ,AGO,1284.4727494425438,False
SCQ,BQK,1426.8503541649761,False
SCQ,SOK,1460.5609985174665,False
SCQ,CLC,1662.6957032889422,False
SCQ,SPC,1585.2700621760096,False
SCQ,UDR,2106.3398268690926,False
SCQ,SNJ,2405.882411871567,False
SCQ,BBR,3015.56208714308,False
SCQ,AHE,3415.5305269293267,False
SCQ,HUU,3716.7998569071956,False
SCQ,JIM,3913.8128501401357,False
SCQ,AIH,4134.272374693075,False
SCQ,KSB,4266.488441783842,False
SCQ,TYL,4299.609472381367,False
SCQ,NDE,4325.664612605207,False
VLL,LLA,2654.9914048346773,False
VLL,PVS,2743.141999888826,False
VLL,MCG,2565.2069691961256,False
VLL,TLL,1974.6228342465056,False
VLL,VBY,1778.456253831896,False
VLL,AAL,1712.317894069687,False
VLL,MMX,1538.059008075664,False
VLL,BFS,1439.7847565255952,False
VLL,BLK,1341.663919077001,False
VLL,MAN,1295.2679831160544,False
VLL,IEG,1140.1774304580392,False
VLL,LCJ,1121.7004052714674,False
VLL,PAD,1102.6240397668887,False
VLL,OST,1055.615907634449,False
VLL,DRS,1049.8488560911592,False
VLL,YBH,1401.041313946129,False
VLL,YQN,1143.3286363891086,False
VLL,BTS,726.8553390812444,False
VLL,FDH,665.4381380242593,False
VLL,BSL,654.8951943977786,False
VLL,BGY,445.2111195539543,False
VLL,YSC,667.8031554947795,False
VLL,PSA,220.86325702120809,False
VLL,BIQ,200.73068325756878,False
VLL,INI,218.82498631439506,False
VLL,SCQ,141.94479522569966,True
VLL,FSC,67.66987129873016,True
VLL,KRW,440.31318017627865,False
VLL,TPS,424.8130411985243,False
VLL,PDL,476.5463589883402,False
VLL,RHO,629.766508273761,False
VLL,CHQ,705.8219661029419,False
VLL,AGO,1214.9853085351945,False
VLL,BQK,1337.7668975171891,False
VLL,SOK,1338.4640447559357,False
VLL,CLC,1577.9768814170643,False
VLL,SPC,1457.4419577987042,False
VLL,UDR,1998.3245279559571,False
VLL,SNJ,2299.2647064594435,False
VLL,BBR,2895.9092052462565,False
VLL,AHE,3322.388352069649,False
VLL,HUU,3599.2044758111597,False
VLL,JIM,3786.930545059721,False
VLL,AIH,4031.3398540433254,False
VLL,KSB,4165.395886717685,False
VLL,TYL,4180.458218164997,False
VLL,NDE,4198.617105150856,False
FSC,LLA,2676.491584144361,False
FSC,PVS,2746.3376819971077,False
FSC,MCG,2568.1790362417914,False
FSC,TLL,1994.4788579533613,False
FSC,VBY,1798.670819064597,False
FSC,AAL,1734.1810806485778,False
FSC,MMX,1559.8851374080348,False
FSC,BFS,1462.9848213299288,False
FSC,BLK,1366.5056636173672,False
FSC,MAN,1320.6426157449525,False
FSC,IEG,1160.1628369238788,False
FSC,LCJ,1138.9887150338334,False
FSC,PAD,1124.4377323303704,False
FSC,OST,1081.464339894605,False
FSC,DRS,1070.8285186889336,False
FSC,YBH,1380.0138774003362,False
FSC,YQN,1131.369506895244,False
FSC,BTS,742.7685702939591,False
FSC,FDH,685.3297795850381,False
FSC,BSL,677.1460208134451,False
FSC,BGY,463.20259374016933,False
FSC,YSC,636.4739474415088,False
FSC,PSA,245.57206152206547,False
FSC,BIQ,243.38442273264621,False
FSC,INI,212.52736957480053,False
FSC,SCQ,155.52200669616195,True
FSC,VLL,67.66987129873016,True
FSC,KRW,372.80120548625956,False
FSC,TPS,398.5205716191323,False
FSC,PDL,433.274381959175,False
FSC,RHO,587.3612108676591,False
FSC,CHQ,670.3630339588067,False
FSC,AGO,1155.7129617512608,False
FSC,BQK,1285.251475009169,False
FSC,SOK,1305.3543565637817,False
FSC,CLC,1523.9241738383641,False
FSC,SPC,1429.7815611292135,False
FSC,UDR,1955.4003857603816,False
FSC,SNJ,2255.5998089021764,False
FSC,BBR,2860.959892456852,False
FSC,AHE,3272.2152453329154,False
FSC,HUU,3562.7445454058025,False
FSC,JIM,3758.2955967849875,False
FSC,AIH,3985.89062445149,False
FSC,KSB,4119.016486855998,False
FSC,TYL,4145.182776562362,False
FSC,NDE,4170.145506996298,False
KRW,LLA,2844.1246267238416,False
KRW,PVS,2818.585212953732,False
KRW,MCG,2641.306031549932,False
KRW,TLL,2162.2557788211793,False
KRW,VBY,1971.6170117506297,False
KRW,AAL,1916.3204082468308,False
KRW,MMX,1745.6208233136038,False
KRW,BFS,1657.5519714266168,False
KRW,BLK,1571.217270775538,False
KRW,MAN,1529.0843085078477,False
KRW,IEG,1349.7785057668323,False
KRW,LCJ,1317.2095300218891,False
KRW,PAD,1323.7299729518393,False
KRW,OST,1300.2143782529472,False
KRW,DRS,1268.7320882389324,False
KRW,YBH,1348.3125672189385,False
KRW,YQN,1163.98560276818,False
KRW,BTS,939.7532942811984,False
KRW,FDH,903.6401431741799,False
KRW,BSL,905.3990576492401,False
KRW,BGY,701.7095473512678,False
KRW,YSC,613.352085634652,False
KRW,PSA,547.3460675574165,False
KRW,BIQ,580.3775054926581,False
KRW,INI,453.9316526171301,False
KRW,SCQ,467.2662712463568,False
KRW,VLL,440.31318017627865,False
KRW,FSC,372.80120548625956,False
KRW,TPS,427.7068110677509,False
KRW,PDL,340.77958196960947,False
KRW,RHO,446.21877843880753,False
KRW,CHQ,559.131545779945,False
KRW,AGO,834.1818088734049,False
KRW,BQK,1006.3377428902465,False
KRW,SOK,1149.6806375978929,False
KRW,CLC,1229.9446632940783,False
KRW,SPC,1301.769121936002,False
KRW,UDR,1722.7948437381158,False
KRW,SNJ,2014.7786606734546,False
KRW,BBR,2664.5728002104156,False
KRW,AHE,2987.5868380081774,False
KRW,HUU,3353.2760535390566,False
KRW,JIM,3591.3577259035674,False
KRW,AIH,3724.8745144423383,False
KRW,KSB,3852.4994451667703,False
KRW,TYL,3939.63570278926,False
KRW,NDE,4002.0782248028236,False
TPS,LLA,3074.98467541968,False
TPS,PVS,3132.731891562787,False
TPS,MCG,2954.4656520155627,False
TPS,TLL,2392.987183454901,False
TPS,VBY,2197.1911491796664,False
TPS,AAL,2132.6001176300024,False
TPS,MMX,1958.2935898085072,False
TPS,BFS,1861.123299932433,False
TPS,BLK,1764.117562589229,False
TPS,MAN,1718.0316008976965,False
TPS,IEG,1558.6790759446574,False
TPS,LCJ,1537.3254930033931,False
TPS,PAD,1522.7830175347601,False
TPS,OST,1478.5631108661166,False
TPS,DRS,1469.2717235672983,False
TPS,YBH,1720.663508386414,False
TPS,YQN,1497.3819862893495,False
TPS,BTS,1141.0771684426657,False
TPS,FDH,1083.7797950301601,False
TPS,BSL,1075.208333747314,False
TPS,BGY,861.6881566915002,False
TPS,YSC,965.6142372969213,False
TPS,PSA,641.5292401278629,False
TPS,BIQ,625.0673710851013,False
TPS,INI,606.4629572930406,False
TPS,SCQ,553.4864656458154,False
TPS,VLL,424.8130411985243,False
TPS,FSC,398.5205716191323,False
TPS,KRW,427.7068110677509,False
TPS,PDL,134.0862741947867,True
TPS,RHO,241.03845781801016,False
TPS,CHQ,288.45925057636947,False
TPS,AGO,898.9828119182149,False
TPS,BQK,967.8945905373906,False
TPS,SOK,914.7486485054945,False
TPS,CLC,1212.8707071547576,False
TPS,SPC,1032.925951904363,False
TPS,UDR,1587.11162112667,False
TPS,SNJ,1889.0407834212958,False
TPS,BBR,2472.6128018935137,False
TPS,AHE,2929.618570406774,False
TPS,HUU,3176.8869397444623,False
TPS,JIM,3362.3230371619707,False
TPS,AIH,3623.2286003943473,False
TPS,KSB,3759.5527679238894,False
TPS,TYL,3757.1605664253852,False
TPS,NDE,3774.0586838858626,False
PDL,LLA,3092.8379758227056,False
PDL,PVS,3117.9846080040165,False
PDL,MCG,2939.9104022480224,False
PDL,TLL,2409.294047685981,False
PDL,VBY,2214.659134890415,False
PDL,AAL,2153.024117676882,False
PDL,MMX,1979.1999334299767,False
PDL,BFS,1884.593707344435,False
PDL,BLK,1790.5499694413595,False
PDL,MAN,1745.462844401782,False
PDL,IEG,1578.4853766988567,False
PDL,LCJ,1553.2188602748154,False
PDL,PAD,1545.5493033817852,False
PDL,OST,1507.6062495660237,False
PDL,DRS,1491.108648722494,False
PDL,YBH,1675.339810250136,False
PDL,YQN,1470.0489349481531,False
PDL,BTS,1158.9517734791045,False
PDL,FDH,1107.4751209708818,False
PDL,BSL,1101.9723494128862,False
PDL,BGY,886.7322040272645,False
PDL,YSC,925.7770320262126,False
PDL,PSA,677.5324309278436,False
PDL,BIQ,674.6622748111723,False
PDL,INI,622.7949679227772,False
PDL,SCQ,586.1920900999756,False
PDL,VLL,476.5463589883402,False
PDL,FSC,433.274381959175,False
PDL,KRW,340.77958196960947,False
PDL,TPS,134.0862741947867,True
PDL,RHO,154.09009719412276,True
PDL,CHQ,246.58585815153407,False
PDL,AGO,779.6879896982181,False
PDL,BQK,869.9649964621025,False
PDL,SOK,878.9327256748578,False
PDL,CLC,1113.3715758892524,False
PDL,SPC,1013.4060253913957,False
PDL,UDR,1522.546266160027,False
PDL,SNJ,1823.1356471394377,False
PDL,BBR,2430.3071063230386,False
PDL,AHE,2848.1547601580687,False
PDL,HUU,3130.7798855563005,False
PDL,JIM,3335.1707551383074,False
PDL,AIH,3554.8097320074435,False
PDL,KSB,3688.8791396710367,False
PDL,TYL,3713.9595074159565,False
PDL,NDE,3747.048803484975,False
RHO,LLA,3242.1887611455804,False
RHO,PVS,3254.1120481249914,False
RHO,MCG,3076.2900381330846,False
RHO,TLL,2558.522956161791,False
RHO,VBY,2364.3230141862323,False
RHO,AAL,2303.4777016975277,False
RHO,MMX,2129.878596501913,False
RHO,BFS,2035.9061442763718,False
RHO,BLK,1942.5100335398413,False
RHO,MAN,1897.6312197344187,False
RHO,IEG,1729.2423877457936,False
RHO,LCJ,1703.053705815657,False
RHO,PAD,1696.9800354859426,False
RHO,OST,1660.1971821060285,False
RHO,DRS,1642.4002678514169,False
RHO,YBH,1794.3921538506775,False
RHO,YQN,1601.9595844472062,False
RHO,BTS,1309.8463463654566,False
RHO,FDH,1259.597856704047,False
RHO,BSL,1254.5978116599117,False
RHO,BGY,1039.4367529678098,False
RHO,YSC,1053.2693531507252,False
RHO,PSA,831.5254840366249,False
RHO,BIQ,828.485571847434,False
RHO,INI,774.9285768718274,False
RHO,SCQ,740.1372674354742,False
RHO,VLL,629.766508273761,False
RHO,FSC,587.3612108676591,False
RHO,KRW,446.21877843880753,False
RHO,TPS,241.03845781801016,False
RHO,PDL,154.09009719412276,True
RHO,CHQ,113.65003426543373,True
RHO,AGO,663.7277427959058,False
RHO,BQK,727.7894336726469,False
RHO,SOK,728.913664186589,False
RHO,CLC,972.5648721274603,False
RHO,SPC,868.8284787984516,False
RHO,UDR,1368.7376299662485,False
RHO,SNJ,1669.522622400254,False
RHO,BBR,2277.2325417429693,False
RHO,AHE,2698.2661882418756,False
RHO,HUU,2977.1426172379615,False
RHO,JIM,3185.007379360557,False
RHO,AIH,3401.7512668415848,False
RHO,KSB,3536.2233811817455,False
RHO,TYL,3560.5843671223593,False
RHO,NDE,3596.817105903669,False
CHQ,LLA,3338.56931506624,False
CHQ,PVS,3361.7157064050193,False
CHQ,MCG,3183.756298754445,False
CHQ,TLL,2655.139793958937,False
CHQ,VBY,2460.2938004281505,False
CHQ,AAL,2398.129086282119,False
CHQ,MMX,2224.150648465186,False
CHQ,BFS,2128.9451980668146,False
CHQ,BLK,2034.0994598847467,False
CHQ,MAN,1988.7058078762138,False
CHQ,IEG,1823.4685255739164,False
CHQ,LCJ,1798.8651405257465,False
CHQ,PAD,1789.8765957604965,False
CHQ,OST,1750.197348587189,False
CHQ,DRS,1735.6102775644808,False
CHQ,YBH,1906.8503577435222,False
CHQ,YQN,1711.1098549111061,False
CHQ,BTS,1403.982963666454,False
CHQ,FDH,1351.1475899845516,False
CHQ,BSL,1344.7925820608875,False
CHQ,BGY,1129.64211813565,False
CHQ,YSC,1163.5719656862693,False
CHQ,PSA,915.9340131696262,False
CHQ,BIQ,906.4535545902977,False
CHQ,INI,867.0494247026063,False
CHQ,SCQ,825.4020348207895,False
CHQ,VLL,705.8219661029419,False
CHQ,FSC,670.3630339588067,False
CHQ,KRW,559.131545779945,False
CHQ,TPS,288.45925057636947,False
CHQ,PDL,246.58585815153407,False
CHQ,RHO,113.65003426543373,True
CHQ,AGO,676.8552733370158,False
CHQ,BQK,699.6873391979685,False
CHQ,SOK,635.2685381957835,False
CHQ,CLC,943.8971689188606,False
CHQ,SPC,766.853727201774,False
CHQ,UDR,1298.6701132968453,False
CHQ,SNJ,1600.5857451868624,False
CHQ,BBR,2190.8463235803697,False
CHQ,AHE,2643.477168269119,False
CHQ,HUU,2893.5017803631567,False
CHQ,JIM,3090.454628192916,False
CHQ,AIH,3334.769412335439,False
CHQ,KSB,3471.1523345863325,False
CHQ,TYL,3475.2494406913956,False
CHQ,NDE,3502.355629601302,False
AGO,LLA,3622.1323329599286,False
AGO,PVS,3503.7621656894385,False
AGO,MCG,3331.76827514985,False
AGO,TLL,2949.2180440159455,False
AGO,VBY,2765.050488623463,False
AGO,AAL,2716.2500264315245,False
AGO,MMX,2550.2550483731184,False
AGO,BFS,2468.078452728037,False
AGO,BLK,2387.580092354205,False
AGO,MAN,2347.53944236972,False
AGO,IEG,2163.4354407136507,False
AGO,LCJ,2126.5547564539006,False
AGO,PAD,2141.775289510274,False
AGO,OST,2125.2010523699387,False
AGO,DRS,2087.2564055785515,False
AGO,YBH,1982.2189865812152,False
AGO,YQN,1883.0262315735586,False
AGO,BTS,1764.8819799673959,False
AGO,FDH,1734.0005586666555,False
AGO,BSL,1737.252311804935,False
AGO,BGY,1535.8441551763594,False
AGO,YSC,1362.8478035181245,False
AGO,PSA,1371.270080281469,False
AGO,BIQ,1392.4008558433634,False
AGO,INI,1284.7325203578182,False
AGO,SCQ,1284.4727494425438,False
AGO,VLL,1214.9853085351945,False
AGO,FSC,1155.7129617512608,False
AGO,KRW,834.1818088734049,False
AGO,TPS,898.9828119182149,False
AGO,PDL,779.6879896982181,False
AGO,RHO,663.7277427959058,False
AGO,CHQ,676.8552733370158,False
AGO,BQK,254.76690557921668,False
AGO,SOK,696.4193707538928,False
AGO,CLC,412.50231837069975,False
AGO,SPC,864.8062171133615,False
AGO,UDR,977.2296398750727,False
AGO,SNJ,1242.0213577286136,False
AGO,BBR,1939.2003562898685,False
AGO,AHE,2159.5678633861894,False
AGO,HUU,2595.7907262323647,False
AGO,JIM,2890.72342933855,False
AGO,AIH,2909.888606689804,False
AGO,KSB,3033.0930553533176,False
AGO,TYL,3180.5724896578963,False
AGO,NDE,3293.330798570565,False
BQK,LLA,3833.9009028251776,False
BQK,PVS,3740.1513315980515,False
BQK,MCG,3566.8796474527244,False
BQK,TLL,3156.222778243358,False
BQK,VBY,2968.723571111292,False
BQK,AAL,2916.4899785116145,False
BQK,MMX,2747.5945045750505,False
BQK,BFS,2661.6151713905233,False
BQK,BLK,2576.822195991313,False
BQK,MAN,2535.060575040716,False
BQK,IEG,2354.4714906931954,False
BQK,LCJ,2320.380620591937,False
BQK,PAD,2329.504149523105,False
BQK,OST,2306.4734745319547,False
BQK,DRS,2274.5573067529913,False
BQK,YBH,2221.1826894534333,False
BQK,YQN,2106.950389836798,False
BQK,BTS,1946.0867583805523,False
BQK,FDH,1908.6759038008056,False
BQK,BSL,1909.2012712138724,False
BQK,BGY,1700.5214001104503,False
BQK,YSC,1574.2464166750901,False
BQK,PSA,1517.0423993480786,False
BQK,BIQ,1528.0298291086542,False
BQK,INI,1440.2807436260614,False
BQK,SCQ,1426.8503541649761,False
BQK,VLL,1337.7668975171891,False
BQK,FSC,1285.251475009169,False
BQK,KRW,1006.3377428902465,False
BQK,TPS,967.8945905373906,False
BQK,PDL,869.9649964621025,False
BQK,RHO,727.7894336726469,False
BQK,CHQ,699.6873391979685,False
BQK,AGO,254.76690557921668,False
BQK,SOK,490.27227761001797,False
BQK,CLC,245.0755234504328,False
BQK,SPC,646.0562727660754,False
BQK,UDR,738.4060442844515,False
BQK,SNJ,1017.2576211011663,False
BQK,BBR,1699.662865574888,False
BQK,AHE,1988.874262603317,False
BQK,HUU,2368.1964199124154,False
BQK,JIM,2647.835801903719,False
BQK,AIH,2718.6674881593653,False
BQK,KSB,2847.0539329562353,False
BQK,TYL,2954.465367692616,False
BQK,NDE,3052.731127544923,False
SOK,LLA,3971.0718985233802,False
SOK,PVS,3967.8035442674422,False
SOK,MCG,3790.7064769449644,False
SOK,TLL,3287.415112986242,False
SOK,VBY,3093.117441172001,False
SOK,AAL,3031.88130300515,False
SOK,MMX,2858.1076626491326,False
SOK,BFS,2763.4824169188046,False
SOK,BLK,2669.0894761233785,False
SOK,MAN,2623.800937750711,False
SOK,IEG,2457.3975645267496,False
SOK,LCJ,2431.7612172675726,False
SOK,PAD,2424.421071854027,False
SOK,OST,2385.420369549864,False
SOK,DRS,2370.0172636633997,False
SOK,YBH,2480.037331960165,False
SOK,YQN,2313.1475004136682,False
SOK,BTS,2037.87081346554,False
SOK,FDH,1986.0328372214472,False
SOK,BSL,1979.9471152640103,False
SOK,BGY,1764.7479615829998,False
SOK,YSC,1762.58521420765,False
SOK,PSA,1550.8976423593663,False
SOK,BIQ,1539.1442624067433,False
SOK,INI,1501.5459660438087,False
SOK,SCQ,1460.5609985174665,False
SOK,VLL,1338.4640447559357,False
SOK,FSC,1305.3543565637817,False
SOK,KRW,1149.6806375978929,False
SOK,TPS,914.7486485054945,False
SOK,PDL,878.9327256748578,False
SOK,RHO,728.913664186589,False
SOK,CHQ,635.2685381957835,False
SOK,AGO,696.4193707538928,False
SOK,BQK,490.27227761001797,False
SOK,CLC,627.0732760859016,False
SOK,SPC,173.44708796714664,True
SOK,UDR,712.7326262021317,False
SOK,SNJ,1009.4960453413404,False
SOK,BBR,1557.8769039757235,False
SOK,AHE,2083.378505903159,False
SOK,HUU,2262.627761724792,False
SOK,JIM,2456.320908445209,False
SOK,AIH,2734.1263046059626,False
SOK,KSB,2874.8648898757388,False
SOK,TYL,2842.4135621963746,False
SOK,NDE,2868.1791297015247,False
CLC,LLA,4034.564602383017,False
CLC,PVS,3909.310734017063,False
CLC,MCG,3738.3484046295957,False
CLC,TLL,3361.1062331339913,False
CLC,VBY,3176.318208348687,False
CLC,AAL,3126.7249021558396,False
CLC,MMX,2959.882707291053,False
CLC,BFS,2876.470683827924,False
CLC,BLK,2794.371818241578,False
CLC,MAN,2753.6264687010507,False
CLC,IEG,2570.7642126355195,False
CLC,LCJ,2534.85196479879,False
CLC,PAD,2547.8049654134625,False
CLC,OST,2528.401340904551,False
CLC,DRS,2493.069684171725,False
CLC,YBH,2386.993567048285,False
CLC,YQN,2294.9219275584655,False
CLC,BTS,2167.687493861832,False
CLC,FDH,2133.5090998495793,False
CLC,BSL,2135.3050435452883,False
CLC,BGY,1929.4191224066867,False
CLC,YSC,1774.8807923348822,False
CLC,PSA,1752.127174619383,False
CLC,BIQ,1765.8696403106555,False
CLC,INI,1672.0456256295583,False
CLC,SCQ,1662.6957032889422,False
CLC,VLL,1577.9768814170643,False
CLC,FSC,1523.9241738383641,False
CLC,KRW,1229.9446632940783,False
CLC,TPS,1212.8707071547576,False
CLC,PDL,1113.3715758892524,False
CLC,RHO,972.5648721274603,False
CLC,CHQ,943.8971689188606,False
CLC,AGO,412.50231837069975,False
CLC,BQK,245.0755234504328,False
CLC,SOK,627.0732760859016,False
CLC,SPC,747.6693370625551,False
CLC,UDR,591.7589350351116,False
CLC,SNJ,836.1415557229993,False
CLC,BBR,1544.382963589185,False
CLC,AHE,1757.7646682965983,False
CLC,HUU,2188.2126985169994,False
CLC,JIM,2498.49441651319,False
CLC,AIH,2500.1163613811273,False
CLC,KSB,2625.07219452417,False
CLC,TYL,2771.762113166776,False
CLC,NDE,2896.9417093932043,False
SPC,LLA,4104.219490107586,False
SPC,PVS,4119.7789741040315,False
SPC,MCG,3942.26547156759,False
SPC,TLL,3421.0761411241424,False
SPC,VBY,3225.9082583384,False
SPC,AAL,3162.843232309802,False
SPC,MMX,2988.6646830145014,False
SPC,BFS,2892.465779363796,False
SPC,BLK,2796.286642537513,False
SPC,MAN,2750.4021850090794,False
SPC,IEG,2588.2394876999706,False
SPC,LCJ,2564.662803411268,False
SPC,PAD,2553.6183077377095,False
SPC,OST,2511.1110732966426,False
SPC,DRS,2499.678287656833,False
SPC,YBH,2640.3098062546414,False
SPC,YQN,2465.5366598190826,False
SPC,BTS,2169.1039693141956,False
SPC,FDH,2114.4247212933187,False
SPC,BSL,2106.856762197616,False
SPC,BGY,1892.3552662105533,False
SPC,YSC,1915.0248872126833,False
SPC,PSA,1674.1773866144533,False
SPC,BIQ,1657.0012233592274,False
SPC,INI,1631.9526629763645,False
SPC,SCQ,1585.2700621760096,False
SPC,VLL,1457.4419577987042,False
SPC,FSC,1429.7815611292135,False
SPC,KRW,1301.769121936002,False
SPC,TPS,1032.925951904363,False
SPC,PDL,1013.4060253913957,False
SPC,RHO,868.8284787984516,False
SPC,CHQ,766.853727201774,False
SPC,AGO,864.8062171133615,False
SPC,BQK,646.0562727660754,False
SPC,SOK,173.44708796714664,True
SPC,CLC,747.6693370625551,False
SPC,UDR,693.2695605363717,False
SPC,SNJ,972.2436375889479,False
SPC,BBR,1455.5081073321949,False
SPC,AHE,2052.180981879387,False
SPC,HUU,2162.7050213683933,False
SPC,JIM,2329.493346212204,False
SPC,AIH,2669.1665429984964,False
SPC,KSB,2812.998005901178,False
SPC,TYL,2736.3672527731806,False
SPC,NDE,2741.177575612642,False
UDR,LLA,4564.023825868995,False
UDR,PVS,4478.038474633058,False
UDR,MCG,4305.03300194477,False
UDR,TLL,3883.7429261850452,False
UDR,VBY,3694.031010721096,False
UDR,AAL,3639.1146790463254,False
UDR,MMX,3468.2254808397247,False
UDR,BFS,3379.171198420979,False
UDR,BLK,3290.7414554244224,False
UDR,MAN,3247.530872708323,False
UDR,IEG,3071.1062038171654,False
UDR,LCJ,3039.6152097140784,False
UDR,PAD,3043.2525461256614,False
UDR,OST,3014.1380218433765,False
UDR,DRS,2988.2211667728116,False
UDR,YBH,2957.9301278435114,False
UDR,YQN,2844.447785443715,False
UDR,BTS,2656.42811636141,False
UDR,FDH,2613.1531916598287,False
UDR,BSL,2610.9705764727196,False
UDR,BGY,2397.655302767554,False
UDR,YSC,2308.0363602534803,False
UDR,PSA,2197.8696227007226,False
UDR,BIQ,2197.194080156249,False
UDR,INI,2133.021321792598,False
UDR,SCQ,2106.3398268690926,False
UDR,VLL,1998.3245279559571,False
UDR,FSC,1955.4003857603816,False
UDR,KRW,1722.7948437381158,False
UDR,TPS,1587.11162112667,False
UDR,PDL,1522.546266160027,False
UDR,RHO,1368.7376299662485,False
UDR,CHQ,1298.6701132968453,False
UDR,AGO,977.2296398750727,False
UDR,BQK,738.4060442844515,False
UDR,SOK,712.7326262021317,False
UDR,CLC,591.7589350351116,False
UDR,SPC,693.2695605363717,False
UDR,SNJ,302.0534561737909,False
UDR,BBR,962.2737385289911,False
UDR,AHE,1370.7434238542933,False
UDR,HUU,1632.943007332589,False
UDR,JIM,1913.6252507227507,False
UDR,AIH,2036.2706955552128,False
UDR,KSB,2173.581378259742,False
UDR,TYL,2219.601059310682,False
UDR,NDE,2316.2707213121116,False
SNJ,LLA,4850.849506047469,False
SNJ,PVS,4744.776911184954,False
SNJ,MCG,4573.321705054325,False
SNJ,TLL,4172.3030766988595,False
SNJ,VBY,3983.8363099061116,False
SNJ,AAL,3930.246194912824,False
SNJ,MMX,3760.178300398468,False
SNJ,BFS,3672.2836861660717,False
SNJ,BLK,3585.032209996455,False
SNJ,MAN,3542.23710501526,False
SNJ,IEG,3364.3990588037,False
SNJ,LCJ,3331.946440038209,False
SNJ,PAD,3337.4664490173404,False
SNJ,OST,3309.99764129698,False
SNJ,DRS,3282.428926822949,False
SNJ,YBH,3222.5890910283965,False
SNJ,YQN,3122.128105207428,False
SNJ,BTS,2951.35195877859,False
SNJ,FDH,2909.4511913173847,False
SNJ,BSL,2907.830268095807,False
SNJ,BGY,2695.166265934829,False
SNJ,YSC,2591.503975261386,False
SNJ,PSA,2497.3865537431834,False
SNJ,BIQ,2497.7720336731663,False
SNJ,INI,2430.918083041221,False
SNJ,SCQ,2405.882411871567,False
SNJ,VLL,2299.2647064594435,False
SNJ,FSC,2255.5998089021764,False
SNJ,KRW,2014.7786606734546,False
SNJ,TPS,1889.0407834212958,False
SNJ,PDL,1823.1356471394377,False
SNJ,RHO,1669.522622400254,False
SNJ,CHQ,1600.5857451868624,False
SNJ,AGO,1242.0213577286136,False
SNJ,BQK,1017.2576211011663,False
SNJ,SOK,1009.4960453413404,False
SNJ,CLC,836.1415557229993,False
SNJ,SPC,972.2436375889479,False
SNJ,UDR,302.0534561737909,False
SNJ,BBR,719.1999348902586,False
SNJ,AHE,1080.0307718929039,False
SNJ,HUU,1353.7942971620112,False
SNJ,JIM,1671.0962116043095,False
SNJ,AIH,1734.2466985549233,False
SNJ,KSB,1871.583856579199,False
SNJ,TYL,1939.0090580803578,False
SNJ,NDE,2064.409448424053,False
BBR,LLA,5508.341205729559,False
BBR,PVS,5439.813738304853,False
BBR,MCG,5266.465630343329,False
BBR,TLL,4825.69238142246,False
BBR,VBY,4633.639343876168,False
BBR,AAL,4575.6307443664455,False
BBR,MMX,4402.983123329936,False
BBR,BFS,4310.807244094673,False
BBR,BLK,4218.808276048382,False
BBR,MAN,4174.270762812243,False
BBR,IEG,4003.171698998926,False
BBR,LCJ,3974.5812381229844,False
BBR,PAD,3972.456351485369,False
BBR,OST,3937.3238205576654,False
BBR,DRS,3917.6519807649975,False
BBR,YBH,3920.1591792995982,False
BBR,YQN,3802.0564942517804,False
BBR,BTS,3584.784344205974,False
BBR,FDH,3536.4178523737332,False
BBR,BSL,3531.7815522084097,False
BBR,BGY,3316.658447956638,False
BBR,YSC,3261.1803012253285,False
BBR,PSA,3106.4457389996355,False
BBR,BIQ,3096.6374444218327,False
BBR,INI,3051.9861203264127,False
BBR,SCQ,3015.56208714308,False
BBR,VLL,2895.9092052462565,False
BBR,FSC,2860.959892456852,False
BBR,KRW,2664.5728002104156,False
BBR,TPS,2472.6128018935137,False
BBR,PDL,2430.3071063230386,False
BBR,RHO,2277.2325417429693,False
BBR,CHQ,2190.8463235803697,False
BBR,AGO,1939.2003562898685,False
BBR,BQK,1699.662865574888,False
BBR,SOK,1557.8769039757235,False
BBR,CLC,1544.382963589185,False
BBR,SPC,1455.5081073321949,False
BBR,UDR,962.2737385289911,False
BBR,SNJ,719.1999348902586,False
BBR,AHE,960.0900511173634,False
BBR,HUU,707.2059680172888,False
BBR,JIM,954.2531049820282,False
BBR,AIH,1292.1709252147677,False
BBR,KSB,1443.2277737681322,False
BBR,TYL,1284.569654855919,False
BBR,NDE,1354.1380601126968,False
AHE,LLA,5756.439019215047,False
AHE,PVS,5550.238821113914,False
AHE,MCG,5388.560351577831,False
AHE,TLL,5094.318656313255,False
AHE,VBY,4914.858979764526,False
AHE,AAL,4869.4541630670465,False
AHE,MMX,4705.948146821002,False
AHE,BFS,4625.8683254285415,False
AHE,BLK,4546.7268153520845,False
AHE,MAN,4506.96381761542,False
AHE,IEG,4322.354604852747,False
AHE,LCJ,4284.689442535347,False
AHE,PAD,4301.243544068398,False
AHE,OST,4284.413800969516,False
AHE,DRS,4246.772262673319,False
AHE,YBH,4048.388193811721,False
AHE,YQN,4005.846959761259,False
AHE,BTS,3923.8650284036357,False
AHE,FDH,3890.9495312453596,False
AHE,BSL,3892.9854404311413,False
AHE,BGY,3687.0227033084598,False
AHE,YSC,3512.5342635093566,False
AHE,PSA,3505.8665325023358,False
AHE,BIQ,3515.470742930459,False
AHE,INI,3428.521077945929,False
AHE,SCQ,3415.5305269293267,False
AHE,VLL,3322.388352069649,False
AHE,FSC,3272.2152453329154,False
AHE,KRW,2987.5868380081774,False
AHE,TPS,2929.618570406774,False
AHE,PDL,2848.1547601580687,False
AHE,RHO,2698.2661882418756,False
AHE,CHQ,2643.477168269119,False
AHE,AGO,2159.5678633861894,False
AHE,BQK,1988.874262603317,False
AHE,SOK,2083.378505903159,False
AHE,CLC,1757.7646682965983,False
AHE,SPC,2052.180981879387,False
AHE,UDR,1370.7434238542933,False
AHE,SNJ,1080.0307718929039,False
AHE,BBR,960.0900511173634,False
AHE,HUU,914.1927696030289,False
AHE,JIM,1410.0561549776503,False
AHE,AIH,788.3583779127517,False
AHE,KSB,889.9732214867304,False
AHE,TYL,1323.5181300423205,False
AHE,NDE,1656.9736871907119,False
HUU,LLA,6196.447343918536,False
HUU,PVS,6097.484307327269,False
HUU,MCG,5926.526436906168,False
HUU,TLL,5515.4095521603895,False
HUU,VBY,5324.829694407442,False
HUU,AAL,5268.601227864819,False
HUU,MMX,5096.805051528102,False
HUU,BFS,5006.084174442519,False
HUU,BLK,4915.556025115482,False
HUU,MAN,4871.5109655083725,False
HUU,IEG,4698.069198909423,False
HUU,LCJ,4668.067739339092,False
HUU,PAD,4668.577696388788,False
HUU,OST,4635.680677277656,False
HUU,DRS,4613.640559340244,False
HUU,YBH,4575.155524530519,False
HUU,YQN,4474.914467401778,False
HUU,BTS,4280.947636340466,False
HUU,FDH,4234.403083264447,False
HUU,BSL,4230.561577143914,False
HUU,BGY,4015.761492823468,False
HUU,YSC,3940.821937460857,False
HUU,PSA,3807.952617342413,False
HUU,BIQ,3799.900879469588,False
HUU,INI,3750.7695133067987,False
HUU,SCQ,3716.7998569071956,False
HUU,VLL,3599.2044758111597,False
HUU,FSC,3562.7445454058025,False
HUU,KRW,3353.2760535390566,False
HUU,TPS,3176.8869397444623,False
HUU,PDL,3130.7798855563005,False
HUU,RHO,2977.1426172379615,False
HUU,CHQ,2893.5017803631567,False
HUU,AGO,2595.7907262323647,False
HUU,BQK,2368.1964199124154,False
HUU,SOK,2262.627761724792,False
HUU,CLC,2188.2126985169994,False
HUU,SPC,2162.7050213683933,False
HUU,UDR,1632.943007332589,False
HUU,SNJ,1353.7942971620112,False
HUU,BBR,707.2059680172888,False
HUU,AHE,914.1927696030289,False
HUU,JIM,497.10338568801586,False
HUU,AIH,734.3455489478424,False
HUU,KSB,876.4542232238886,False
HUU,TYL,586.664820082251,False
HUU,NDE,777.1446605853941,False
JIM,LLA,6427.067205051506,False
JIM,PVS,6385.80681317183,False
JIM,MCG,6211.450298721351,False
JIM,TLL,5743.391661158977,False
JIM,VBY,5549.328545579232,False
JIM,AAL,5488.186317646061,False
JIM,MMX,5314.365038089073,False
JIM,BFS,5219.39954660115,False
JIM,BLK,5124.295641281616,False
JIM,MAN,5078.69472744837,False
JIM,IEG,4913.649466356534,False
JIM,LCJ,4888.039203498555,False
JIM,PAD,4880.329718057553,False
JIM,OST,4839.724703472787,False
JIM,DRS,4826.03743719,False
JIM,YBH,4868.885161583427,False
JIM,YQN,4741.207434628665,False
JIM,BTS,4494.1132841092785,False
JIM,FDH,4441.5349453276895,False
JIM,BSL,4434.786329342738,False
JIM,BGY,4219.819315354396,False
JIM,YSC,4195.9498789262625,False
JIM,PSA,4003.196506472094,False
JIM,BIQ,3986.4355695946474,False
JIM,INI,3957.4619668124037,False
JIM,SCQ,3913.8128501401357,False
JIM,VLL,3786.930545059721,False
JIM,FSC,3758.2955967849875,False
JIM,KRW,3591.3577259035674,False
JIM,TPS,3362.3230371619707,False
JIM,PDL,3335.1707551383074,False
JIM,RHO,3185.007379360557,False
JIM,CHQ,3090.454628192916,False
JIM,AGO,2890.72342933855,False
JIM,BQK,2647.835801903719,False
JIM,SOK,2456.320908445209,False
JIM,CLC,2498.49441651319,False
JIM,SPC,2329.493346212204,False
JIM,UDR,1913.6252507227507,False
JIM,SNJ,1671.0962116043095,False
JIM,BBR,954.2531049820282,False
JIM,AHE,1410.0561549776503,False
JIM,HUU,497.10338568801586,False
JIM,AIH,1115.9901472190688,False
JIM,KSB,1231.9533104317588,False
JIM,TYL,568.5241429652285,False
JIM,NDE,411.9013377963999,False
AIH,LLA,6525.191607443606,False
AIH,PVS,6335.540790456545,False
AIH,MCG,6172.765950898557,False
AIH,TLL,5857.195319357114,False
AIH,VBY,5674.477978367948,False
AIH,AAL,5626.137457610397,False
AIH,MMX,5459.866792397989,False
AIH,BFS,5376.544381540454,False
AIH,BLK,5293.819231414238,False
AIH,MAN,5252.632218527622,False
AIH,IEG,5070.548546949579,False
AIH,LCJ,5034.929153640974,False
AIH,PAD,5046.8827357420605,False
AIH,OST,5025.0855628857025,False
AIH,DRS,4992.034071978201,False
AIH,YBH,4829.123884507252,False
AIH,YQN,4776.250237155579,False
AIH,BTS,4664.590632873249,False
AIH,FDH,4627.181613883548,False
AIH,BSL,4627.320330193949,False
AIH,BGY,4417.213070287606,False
AIH,YSC,4271.394895931297,False
AIH,PSA,4225.569731088103,False
AIH,BIQ,4228.7968857417345,False
AIH,INI,4154.7663723034975,False
AIH,SCQ,4134.272374693075,False
AIH,VLL,4031.3398540433254,False
AIH,FSC,3985.89062445149,False
AIH,KRW,3724.8745144423383,False
AIH,TPS,3623.2286003943473,False
AIH,PDL,3554.8097320074435,False
AIH,RHO,3401.7512668415848,False
AIH,CHQ,3334.769412335439,False
AIH,AGO,2909.888606689804,False
AIH,BQK,2718.6674881593653,False
AIH,SOK,2734.1263046059626,False
AIH,CLC,2500.1163613811273,False
AIH,SPC,2669.1665429984964,False
AIH,UDR,2036.2706955552128,False
AIH,SNJ,1734.2466985549233,False
AIH,BBR,1292.1709252147677,False
AIH,AHE,788.3583779127517,False
AIH,HUU,734.3455489478424,False
AIH,JIM,1115.9901472190688,False
AIH,KSB,151.3578853789176,True
AIH,TYL,732.2488804207136,False
AIH,NDE,1164.3092897744261,False
KSB,LLA,6642.454502329567,False
KSB,PVS,6439.503082210718,False
KSB,MCG,6278.253841057604,False
KSB,TLL,5977.151186975665,False
KSB,VBY,5795.763052666166,False
KSB,AAL,5748.557872251898,False
KSB,MMX,5583.256107046498,False
KSB,BFS,5501.028022222153,False
KSB,BLK,5419.435891156593,False
KSB,MAN,5378.675300413284,False
KSB,IEG,5195.737491083879,False
KSB,LCJ,5159.441901693753,False
KSB,PAD,5172.858473574797,False
KSB,OST,5152.506224336734,False
KSB,DRS,5118.103080811078,False
KSB,YBH,4938.269563973134,False
KSB,YQN,4892.341872403854,False
KSB,BTS,4791.8384894962255,False
KSB,FDH,4755.626565871791,False
KSB,BSL,4756.2547842335325,False
KSB,BGY,4547.05878716611,False
KSB,YSC,4392.5409260849765,False
KSB,PSA,4357.6469066611935,False
KSB,BIQ,4362.163349758035,False
KSB,INI,4285.372023534748,False
KSB,SCQ,4266.488441783842,False
KSB,VLL,4165.395886717685,False
KSB,FSC,4119.016486855998,False
KSB,KRW,3852.4994451667703,False
KSB,TPS,3759.5527679238894,False
KSB,PDL,3688.8791396710367,False
KSB,RHO,3536.2233811817455,False
KSB,CHQ,3471.1523345863325,False
KSB,AGO,3033.0930553533176,False
KSB,BQK,2847.0539329562353,False
KSB,SOK,2874.8648898757388,False
KSB,CLC,2625.07219452417,False
KSB,SPC,2812.998005901178,False
KSB,UDR,2173.581378259742,False
KSB,SNJ,1871.583856579199,False
KSB,BBR,1443.2277737681322,False
KSB,AHE,889.9732214867304,False
KSB,HUU,876.4542232238886,False
KSB,JIM,1231.9533104317588,False
KSB,AIH,151.3578853789176,True
KSB,TYL,798.3070516083304,False
KSB,NDE,1239.8945502659728,False
TYL,LLA,6783.031873494429,False
TYL,PVS,6680.140164690625,False
TYL,MCG,6509.8186661714435,False
TYL,TLL,6101.846667807927,False
TYL,VBY,5911.087761242253,False
TYL,AAL,5854.574744397498,False
TYL,MMX,5682.596764827779,False
TYL,BFS,5591.522603184367,False
TYL,BLK,5500.551482579518,False
TYL,MAN,5456.334679986184,False
TYL,IEG,5283.575927104607,False
TYL,LCJ,5253.890032330881,False
TYL,PAD,5253.745550919021,False
TYL,OST,5220.054965387669,False
TYL,DRS,5198.842100649695,False
TYL,YBH,5157.954416710044,False
TYL,YQN,5060.8936450071305,False
TYL,BTS,4866.059740925256,False
TYL,FDH,4818.884056417739,False
TYL,BSL,4814.714177094351,False
TYL,BGY,4599.74541972803,False
TYL,YSC,4527.415916832373,False
TYL,PSA,4390.597903654276,False
TYL,BIQ,4381.188096237719,False
TYL,INI,4334.861127185381,False
TYL,SCQ,4299.609472381367,False
TYL,VLL,4180.458218164997,False
TYL,FSC,4145.182776562362,False
TYL,KRW,3939.63570278926,False
TYL,TPS,3757.1605664253852,False
TYL,PDL,3713.9595074159565,False
TYL,RHO,3560.5843671223593,False
TYL,CHQ,3475.2494406913956,False
TYL,AGO,3180.5724896578963,False
TYL,BQK,2954.465367692616,False
TYL,SOK,2842.4135621963746,False
TYL,CLC,2771.762113166776,False
TYL,SPC,2736.3672527731806,False
TYL,UDR,2219.601059310682,False
TYL,SNJ,1939.0090580803578,False
TYL,BBR,1284.569654855919,False
TYL,AHE,1323.5181300423205,False
TYL,HUU,586.664820082251,False
TYL,JIM,568.5241429652285,False
TYL,AIH,732.2488804207136,False
TYL,KSB,798.3070516083304,False
TYL,NDE,443.1491265038468,False
NDE,LLA,6838.798853311746,False
NDE,PVS,6792.378896477176,False
NDE,MCG,6618.476684251796,False
NDE,TLL,6155.127793434084,False
NDE,VBY,5961.125992049329,False
NDE,AAL,5900.05594814808,False
NDE,MMX,5726.246909243022,False
NDE,BFS,5631.300358747433,False
NDE,BLK,5536.186477415969,False
NDE,MAN,5490.5756884771645,False
NDE,IEG,5325.531494655428,False
NDE,LCJ,5299.863584095742,False
NDE,PAD,5292.230290510931,False
NDE,OST,5251.586401629367,False
NDE,DRS,5237.935617147917,False
NDE,YBH,5273.7982424250295,False
NDE,YQN,5150.02718593445,False
NDE,BTS,4905.995707822298,False
NDE,FDH,4853.435086058662,False
NDE,BSL,4846.673125159247,False
NDE,BGY,4631.713874007155,False
NDE,YSC,4605.641321215848,False
NDE,PSA,4415.010169851648,False
NDE,BIQ,4398.036316561638,False
NDE,INI,4369.360392878072,False
NDE,SCQ,4325.664612605207,False
NDE,VLL,4198.617105150856,False
NDE,FSC,4170.145506996298,False
NDE,KRW,4002.0782248028236,False
NDE,TPS,3774.0586838858626,False
NDE,PDL,3747.048803484975,False
NDE,RHO,3596.817105903669,False
NDE,CHQ,3502.355629601302,False
NDE,AGO,3293.330798570565,False
NDE,BQK,3052.731127544923,False
NDE,SOK,2868.1791297015247,False
NDE,CLC,2896.9417093932043,False
NDE,SPC,2741.177575612642,False
NDE,UDR,2316.2707213121116,False
NDE,SNJ,2064.409448424053,False
NDE,BBR,1354.1380601126968,False
NDE,AHE,1656.9736871907119,False
NDE,HUU,777.1446605853941,False
NDE,JIM,411.9013377963999,False
NDE,AIH,1164.3092897744261,False
NDE,KSB,1239.8945502659728,False
NDE,TYL,443.1491265038468,False
